trials,avg_tokens_per_task,median_tokens_per_task,p95_tokens_per_task,avg_turns_per_task,avg_repair_loops_per_task,avg_rebrief_rate,avg_context_tokens,avg_output_tokens,avg_tool_tokens,avg_governance_tokens,avg_context_relevant,avg_context_redundant,avg_context_stale,avg_context_oversized,avg_output_excess,avg_unnecessary_tool_tokens,scenario,condition
4000.0,15669.498271771507,15636.919814432695,18928.016982688903,10.94975,1.62725,0.1095,9291.313823824521,5050.473313501561,933.3850109793023,394.3261234661223,9057.77682020645,486.70868225266247,204.6609207968547,771.6748393375946,521.3009542537332,145.435620748441,Long-horizon workflow,Governed
4000.0,28839.004090125745,28790.886399622505,34470.30214557124,12.96775,3.6295,0.22575,19829.515401796536,7085.3931925714605,1924.0954957577508,0.0,13067.567030065082,1894.1780645439783,1384.849905242691,2252.4974800755926,1042.6507906226595,422.0395999205148,Long-horizon workflow,Ungoverned
4000.0,21463.25037255815,21394.845872574464,25509.234885456844,12.57575,2.19675,0.141,12700.866659812345,7185.711214457026,1123.7857065415756,452.8867917472,12079.290592975029,757.0000053947299,284.136817111378,1201.7394967063242,884.0328471416246,221.2859073884333,Nonlinear human-centered,Governed
4000.0,40731.81352297643,40655.158958678,47904.92690768497,14.975,5.089,0.309,28091.797778865748,10284.78651394399,2355.229230166691,0.0,17674.202021063647,2992.0001498323054,2151.2907900520745,3487.819223522788,1755.7277140106091,622.8193490759819,Nonlinear human-centered,Ungoverned
4000.0,3772.1742990554912,3750.208400411416,5352.590837649297,5.07,0.4095,0.0215,2132.044613653871,1321.1004547471396,136.4824671893444,182.5467634651367,2343.4602670329828,22.84225388542502,43.1584544680018,70.85843835931902,76.78393838755501,54.357121552616896,Short-horizon determinate,Governed
4000.0,6076.228219962616,6063.932574613147,8277.436354737323,6.0015,0.9485,0.05425,3978.151313020657,1790.5067935430357,307.57011339892347,0.0,3327.728694901433,85.10192510508722,169.1554756907086,212.64519034549255,157.81926138840504,149.03103731080563,Short-horizon determinate,Ungoverned
