scenario,ungoverned_avg_tokens_per_task,governed_avg_tokens_per_task,absolute_reduction_tokens,reduction_pct,ungoverned_avg_turns,governed_avg_turns,ungoverned_avg_repair_loops,governed_avg_repair_loops,ungoverned_avg_rebrief_rate,governed_avg_rebrief_rate,context_share_of_savings_pct,output_share_of_savings_pct,tool_share_of_savings_pct,turn_share_of_savings_pct
Short-horizon determinate,6076.228219962616,3772.1742990554912,2304.053920907125,37.9191471666168,6.0015,5.07,0.9485,0.4095,0.05425,0.0215,65.54181809517934,16.665204064660713,6.0740776196992385,11.718900220460734
Long-horizon workflow,28839.004090125745,15669.498271771507,13169.505818354239,45.665605432135486,12.96775,10.94975,3.6295,1.62725,0.22575,0.1095,69.6299854306544,13.445504954883715,6.546008454166914,10.378501160294974
Nonlinear human-centered,40731.81352297643,21463.25037255815,19268.563150418282,47.30592989567987,14.975,12.57575,5.089,2.19675,0.309,0.141,69.94121148955786,14.083168800304117,5.596065063060836,10.379554647077175
