schema_version,batch_label,scenario,scenario_label,ungoverned_avg_tokens_per_task,governed_avg_tokens_per_task,absolute_reduction_tokens,reduction_pct,ungoverned_avg_turns,governed_avg_turns,ungoverned_avg_repair_loops,governed_avg_repair_loops,ungoverned_avg_rebrief_rate,governed_avg_rebrief_rate,context_share_of_savings_pct,output_share_of_savings_pct,tool_share_of_savings_pct,turn_share_of_savings_pct
v1,calibration_batch_04_seed42,short_horizon_determinate,short_horizon_determinate,6037.639064904081,3647.2733110731833,2390.365753830898,39.59106743769674,6.00725,5.0815,0.87625,0.33825,0.05825,0.0265,66.81505496387072,15.985429341065768,6.004741459234807,11.1947742358287
v1,calibration_batch_04_seed42,long_horizon_workflow,long_horizon_workflow,28495.044291933045,14905.89205058285,13589.152241350195,47.689528404057576,13.018,10.957,3.30025,1.2895,0.24375,0.108,70.14562430561068,13.252271522534633,6.470631483021398,10.131472688833286
v1,calibration_batch_04_seed42,nonlinear_human_centered,nonlinear_human_centered,39779.50731388494,20346.269099652167,19433.238214232773,48.85238537745702,14.9905,12.57875,4.45425,1.74175,0.30475,0.13825,70.43845234913542,13.93335336797555,5.51580415431276,10.11239012857627
